{
  "target": "Gold_High",
  "order": [
    2,
    1,
    0
  ],
  "n_obs": 2555,
  "aic": 22081.412265907806,
  "bic": 22098.948514017582,
  "hqic": 22087.7718424089,
  "trained_until": "2025-12-08"
}